"","continent","country","year","dollar_price","local_price","dollar_ex","gdp"
"1","Americas","Argentina",2000,2.5,2.5,1,7708.10099605414
"2","Americas","Argentina",2001,2.5,2.5,1,7208.3715665121
"3","Americas","Argentina",2002,0.798722044728435,2.5,3.13,2593.40415042466
"4","Americas","Argentina",2003,1.42361111111111,4.1,2.88,3349.8061244115
"5","Americas","Argentina",2004,1.47796610169492,4.36,2.95,4277.72135064389
"6","Americas","Argentina",2005,1.6396272005523,4.75,2.897,5109.85132522621
"7","Americas","Argentina",2006,1.92028175286196,5.875,3.06015,5919.01203707753
"8","Americas","Argentina",2007,2.66979543981412,8.25,3.090125,7245.44831728945
"9","Americas","Argentina",2008,3.64298724954463,11,3.0195,9020.87309807194
"10","Americas","Argentina",2009,3.01738274844211,11.5,3.81125,8225.13717626412
"11","Americas","Argentina",2010,2.70088886206356,10.5,3.866125,10385.9644319555
"12","Americas","Argentina",2011,4.83968542044767,20,4.1325,12848.8641969705
"13","Americas","Argentina",2012,4.39878479798667,19.5,4.439875,13082.664325572
"14","Americas","Argentina",2013,3.84892597981877,20,5.1945,13080.2547323367
"15","Americas","Argentina",2014,2.80245338481792,21,7.545,12334.7982453893
"16","Americas","Argentina",2015,3.15858330997103,28,8.8725,13789.060424772
"17","Americas","Argentina",2016,2.8687715986163,41.5,14.372125,12790.2424732447
"18","Americas","Argentina",2017,3.79696223044765,62.5,16.4125,14613.0418246696
"19","Americas","Argentina",2018,3.33276790257925,75,23.33125,11633.4980086465
"20","Americas","Argentina",2019,2.43645362749955,97.5,39.62975,9912.28180859803
"21","Americas","Argentina",2020,3.17805992136568,210.5,65.653125,11658.22
"22","Oceania","Australia",2000,1.54166666666667,2.59,1.68,21679.2478424147
"23","Oceania","Australia",2001,1.51515151515152,3,1.98,19490.8611097303
"24","Oceania","Australia",2002,1.61290322580645,3,1.86,20082.4832672749
"25","Oceania","Australia",2003,1.86335403726708,3,1.61,23447.0310006717
"26","Oceania","Australia",2004,2.27272727272727,3.25,1.43,30430.6764374443
"27","Oceania","Australia",2005,2.49711870918171,3.25,1.3015,33999.2428575835
"28","Oceania","Australia",2006,2.4405547726184,3.25,1.331665,36044.9228108485
"29","Oceania","Australia",2007,2.83598787720182,3.45,1.2184325,40960.0544948199
"30","Oceania","Australia",2008,3.36257309941521,3.45,1.026,49601.6567082178
"31","Oceania","Australia",2009,3.37244541145388,4.34,1.2869,42772.3591664498
"32","Oceania","Australia",2010,3.9073938697088,4.35,1.113636289,52022.1255961876
"33","Oceania","Australia",2011,4.94372400141217,4.56,0.922381589,62517.8337471503
"34","Oceania","Australia",2012,4.80835799956268,4.68,0.9733317545,68012.1479005934
"35","Oceania","Australia",2013,4.76015962477957,4.8675,1.024476739,68150.1070413215
"36","Oceania","Australia",2014,4.64384374945093,5.075,1.0941187165,62510.7911705641
"37","Oceania","Australia",2015,4.12048499945548,5.3,1.289239892,56755.7217124249
"38","Oceania","Australia",2016,4.02419625069088,5.525,1.3757332035,49971.131456129
"39","Oceania","Australia",2017,4.40156750080276,5.85,1.329842253,54027.9668184568
"40","Oceania","Australia",2018,4.61077624983186,5.975,1.29676832445941,57354.9640455891
"41","Oceania","Australia",2019,4.30607500000001,6.125,1.42263315409764,55060.3261005013
"42","Oceania","Australia",2020,4.51479750000001,6.5,1.43984025868407,56420.201
"43","Americas","Brazil",2000,1.64804469273743,2.95,1.79,3749.75324996168
"44","Americas","Brazil",2001,1.64383561643836,3.6,2.19,3156.79871788773
"45","Americas","Brazil",2002,1.53846153846154,3.6,2.34,2829.28319217077
"46","Americas","Brazil",2003,1.48208469055375,4.55,3.07,3070.91049061377
"47","Americas","Brazil",2004,1.69811320754717,5.4,3.18,3637.46238925733
"48","Americas","Brazil",2005,2.39370334307043,5.9,2.4648,4790.43708777366
"49","Americas","Brazil",2006,2.75935915786755,6.3,2.283,5886.46358837728
"50","Americas","Brazil",2007,3.30333290006543,6.65,2.02325,7348.03079355548
"51","Americas","Brazil",2008,4.73305566073457,7.5,1.5846,8831.02311697566
"52","Americas","Brazil",2009,4.0208302037955,8.03,1.9971,8597.91535151624
"53","Americas","Brazil",2010,4.83274651192585,8.455,1.749125,11286.2430162457
"54","Americas","Brazil",2011,6.16242864556305,9.5,1.5416,13245.6124995448
"55","Americas","Brazil",2012,5.30732235043956,10.165,1.923575,12370.0242007149
"56","Americas","Brazil",2013,5.46429792764065,11.625,2.132,12300.3248822758
"57","Americas","Brazil",2014,5.55132605283992,12.7,2.29165,12112.5882059697
"58","Americas","Brazil",2015,4.74467305933667,13.5,2.87255,8814.00098681261
"59","Americas","Brazil",2016,4.06800727252438,14.5,3.633125,8710.09668954121
"60","Americas","Brazil",2017,5.10975647507309,16.5,3.229125,9925.38623770041
"61","Americas","Brazil",2018,4.75730803511158,16.7,3.533125,9001.23424863499
"62","Americas","Brazil",2019,4.57097442091093,17.2,3.762625,8717.18627810819
"63","Americas","Brazil",2020,4.35904309036467,20.4,4.741175,8958.576
"64","Americas","Canada",2000,1.93877551020408,2.85,1.47,24190.2496150045
"65","Americas","Canada",2001,2.13461538461538,3.33,1.56,23738.180723841
"66","Americas","Canada",2002,2.12101910828025,3.33,1.57,24169.2847344718
"67","Americas","Canada",2003,2.20689655172414,3.2,1.45,28200.6580773382
"68","Americas","Canada",2004,2.32846715328467,3.19,1.37,32034.3077408421
"69","Americas","Canada",2005,2.62526012485993,3.28,1.2494,36266.1871235853
"70","Americas","Canada",2006,3.07455684595039,3.52,1.145425,40385.869955477
"71","Americas","Canada",2007,3.38644625028027,3.755,1.11415,44543.0410359004
"72","Americas","Canada",2008,4.07553186189029,4.09,1.00355,46594.4509535289
"73","Americas","Canada",2009,3.35099280699487,3.89,1.16085,40773.061528975
"74","Americas","Canada",2010,3.98717052724524,4.145,1.039575,47448.0132198383
"75","Americas","Canada",2011,5.00079293756938,4.73,0.94585,52087.446383568
"76","Americas","Canada",2012,4.82762793179491,4.925,1.0202,52678.3901234772
"77","Americas","Canada",2013,5.32738032357767,5.47,1.027075,52652.5936828278
"78","Americas","Canada",2014,5.13213658276172,5.59,1.089575,50893.4467137547
"79","Americas","Canada",2015,4.58777719881115,5.775,1.259125,43585.5119817751
"80","Americas","Canada",2016,4.3744767691493,5.92,1.3561,42322.4847803038
"81","Americas","Canada",2017,4.58275035819522,5.975,1.30415,45148.5527061655
"82","Americas","Canada",2018,5.1622447700007,6.6,1.279125,46313.1713712961
"83","Americas","Canada",2019,5.12040386094966,6.77,1.322225,46194.7252255167
"84","Americas","Canada",2020,5.12916326544167,6.825,1.330875,46290.217
"85","Americas","Chile",2000,2.45136186770428,1260,514,5074.90162375009
"86","Americas","Chile",2001,2.09650582362729,1260,601,4574.59442067573
"87","Americas","Chile",2002,2.13740458015267,1400,655,4446.25050488694
"88","Americas","Chile",2003,1.95530726256983,1400,716,4772.5628196506
"89","Americas","Chile",2004,2.18408736349454,1400,641,6194.85310698418
"90","Americas","Chile",2005,2.53185922862689,1500,592.45,7598.52512108889
"91","Americas","Chile",2006,2.96394600448893,1560,526.35,9464.55024290607
"92","Americas","Chile",2007,3.03139133116226,1617.5,533.45,10502.3545202737
"93","Americas","Chile",2008,3.13352875770747,1550,494.65,10751.479674217
"94","Americas","Chile",2009,3.19022878497858,1750,548.55,10208.9067622861
"95","Americas","Chile",2010,3.26110455479664,1675,513.375,12808.034586422
"96","Americas","Chile",2011,3.99783900594273,1850,462.75,14637.2402355403
"97","Americas","Chile",2012,4.10438821584254,2050,499.55,15351.5513257697
"98","Americas","Chile",2013,4.14066449030306,2025,489.9525,15842.9408052125
"99","Americas","Chile",2014,3.70642878824285,2050,553.045,14670.996760602
"100","Americas","Chile",2015,3.30771520657076,2100,634.9675,13574.171830724
"101","Americas","Chile",2016,3.23427750721155,2200,683.1675,13753.5944374598
"102","Americas","Chile",2017,3.74278334948213,2500,668.08,14999.3700885512
"103","Americas","Chile",2018,4.17082325110799,2620,628.8325,15924.7942393064
"104","Americas","Chile",2019,3.85780083855976,2640,684.37,14896.4538665789
"105","Americas","Chile",2020,3.4474479866672,2690,780.22,15901.725
"106","Asia","China",2000,1.19565217391304,9.9,8.28,959.372483639691
"107","Asia","China",2001,1.19565217391304,9.9,8.28,1053.10824300452
"108","Asia","China",2002,1.26811594202899,10.5,8.28,1148.5082904417
"109","Asia","China",2003,1.19565217391304,9.9,8.28,1288.64325183381
"110","Asia","China",2004,1.256038647343,10.4,8.28,1508.66809788266
"111","Asia","China",2005,1.26866753661012,10.5,8.2764,1753.41782925823
"112","Asia","China",2006,1.30515769001919,10.5,8.04505,2099.22943460447
"113","Asia","China",2007,1.43069613804062,11,7.6895,2693.97006340526
"114","Asia","China",2008,1.82908984489318,12.5,6.834,3468.30460207434
"115","Asia","China",2009,1.82943785033735,12.5,6.8327,3832.23643246702
"116","Asia","China",2010,1.88935244316202,12.85,6.80205,4550.4531077571
"117","Asia","China",2011,2.27307990690458,14.65,6.445,5618.13226711952
"118","Asia","China",2012,2.44407971291886,15.525,6.352,6316.91831760216
"119","Asia","China",2013,2.5902757296151,16,6.17725,7050.64627124287
"120","Asia","China",2014,2.73488312874042,16.75,6.1248,7678.59948587483
"121","Asia","China",2015,2.75346511370183,17.1,6.21035,8066.94263493557
"122","Asia","China",2016,2.73446412484218,18.1,6.6181,8147.93770548839
"123","Asia","China",2017,2.87339909737033,19.7,6.85705,8879.43866711346
"124","Asia","China",2018,3.13369162943964,20.45,6.527,9976.67713725865
"125","Asia","China",2019,3.05075733342398,20.95,6.86715,10261.6792453621
"126","Asia","China",2020,3.11059067416183,21.6,6.94425,9580.239
"127","Americas","Colombia",2004,2.34671441929649,6500,2769.83,2782.62318502156
"128","Americas","Colombia",2005,2.79245607251794,6500,2327.7,3414.46515834714
"129","Americas","Colombia",2006,2.59626138360761,6500,2503.6,3741.09283661273
"130","Americas","Colombia",2007,3.30444650861939,6900,2097.6625,4714.07305530503
"131","Americas","Colombia",2008,3.89180774469741,7000,1798.65,5472.53652992425
"132","Americas","Colombia",2009,3.34033212445123,7000,2095.6,5193.24145795078
"133","Americas","Colombia",2010,4.15081244480847,8200,1982.025,6336.70947398466
"134","Americas","Colombia",2011,4.74442247952556,8400,1770.5,7335.16693447605
"135","Americas","Colombia",2012,4.65059948496299,8500,1828.3125,8050.2553716705
"136","Americas","Colombia",2013,4.66344604137164,8600,1847.0875,8218.34784431477
"137","Americas","Colombia",2014,4.49593646173399,8600,1915.2225,8114.3439208516
"138","Americas","Colombia",2015,3.12836084645796,7900,2536.94,6175.87602970259
"139","Americas","Colombia",2016,2.73321776192282,8400,3091.45,5870.77795724164
"140","Americas","Colombia",2017,3.2747638207471,9900,3023.3925,6376.70671552601
"141","Americas","Colombia",2018,3.98646908883712,11400,2859.095,6716.91159778134
"142","Americas","Colombia",2019,3.70814490632826,11900,3209.25,6428.67620562768
"143","Americas","Colombia",2020,3.45482224576528,11900,3452.3175,6641.507
"144","Americas","Costa Rica",2004,2.60638911313574,1130,433.55,4385.3907193055
"145","Americas","Costa Rica",2005,2.3774458236903,1130,475.3,4654.8248220098
"146","Americas","Costa Rica",2006,2.21770830266812,1130,509.535,5201.51409470061
"147","Americas","Costa Rica",2007,2.19827328847554,1130,514.08,6071.78916451552
"148","Americas","Costa Rica",2008,3.26666908642155,1800,551.02,6859.07902178333
"149","Americas","Costa Rica",2009,3.43306383782206,2000,582.57,6760.47751541355
"150","Americas","Costa Rica",2010,3.67473207897358,2025,552.3425,8141.91312675461
"151","Americas","Costa Rica",2011,4.06500034701222,2050,504.305,9121.93251763187
"152","Americas","Costa Rica",2012,4.02323664481689,2050,509.54,9913.20995852366
"153","Americas","Costa Rica",2013,4.35206669076523,2175,499.7525,10490.0813312933
"154","Americas","Costa Rica",2014,4.14252004482204,2150,519.61,10547.1518593556
"155","Americas","Costa Rica",2015,4.02101129520524,2150,534.695,11299.1355423011
"156","Americas","Costa Rica",2016,4.06737615470552,2200,540.82,11666.4559107759
"157","Americas","Costa Rica",2017,4.02949449372152,2270,563.4125,11814.6265687665
"158","Americas","Costa Rica",2018,4.03052096677622,2290,568.165,12112.1344206452
"159","Americas","Costa Rica",2019,3.85397758622721,2290,594.455,12243.8114267607
"160","Americas","Costa Rica",2020,4.08103767784864,2350,575.895,NA
"161","Europe","Czechia",2000,1.39053708439898,54.37,39.1,NA
"162","Europe","Czechia",2001,1.43589743589744,56,39,NA
"163","Europe","Czechia",2002,1.65529411764706,56.28,34,NA
"164","Europe","Czechia",2003,1.95743944636678,56.57,28.9,NA
"165","Europe","Czechia",2004,2.12905660377359,56.42,26.5,NA
"166","Europe","Czechia",2005,2.29901918837532,56.42,24.5409,NA
"167","Europe","Czechia",2006,2.63597344267321,60.525,22.97265,NA
"168","Europe","Czechia",2007,2.4641232738666,52.5,21.30895,NA
"169","Europe","Czechia",2008,4.55788577005715,66.08,14.49795,NA
"170","Europe","Czechia",2009,3.63956906044782,67.92,18.66155,NA
"171","Europe","Czechia",2010,3.56982938584402,67.64,18.978825,NA
"172","Europe","Czechia",2011,4.07240084831893,69.32,17.0219,18288.284
"173","Europe","Czechia",2012,3.39471176258339,70.275,20.706675,18288.284
"174","Europe","Czechia",2013,3.6063772595837,70.39,19.538875,20435.875
"175","Europe","Czechia",2014,3.4643649613887,70.45,20.33575,19567.671
"176","Europe","Czechia",2015,2.87647946860855,70.225,24.41775,19217.1695
"177","Europe","Czechia",2016,3.01910721520058,75,24.845375,18391.6595
"178","Europe","Czechia",2017,3.09352657344574,75,24.333925,17771.6255
"179","Europe","Czechia",2018,3.60343310833825,77,21.405875,19330.0685
"180","Europe","Czechia",2019,3.76892678850839,85,22.555475,20405.7785
"181","Europe","Czechia",2020,3.7785801784388,87,23.022175,23112.593
"182","Europe","Denmark",2000,3.07835820895522,24.75,8.04,30743.5476816354
"183","Europe","Denmark",2001,2.92553191489362,24.75,8.46,30751.654348268
"184","Europe","Denmark",2002,2.95346062052506,24.75,8.38,33228.6935448819
"185","Europe","Denmark",2003,4.0929203539823,27.75,6.78,40458.7773986609
"186","Europe","Denmark",2004,4.46141479099679,27.75,6.22,46511.5983324305
"187","Europe","Denmark",2005,4.57565914224941,27.75,6.0647,48799.8256011275
"188","Europe","Denmark",2006,4.63101008086928,27.75,5.997575,52026.9995142723
"189","Europe","Denmark",2007,4.9528333666681,27.75,5.606675,58487.0549677696
"190","Europe","Denmark",2008,5.95187484057478,28,4.7044,64322.0635020842
"191","Europe","Denmark",2009,5.52693208430913,29.5,5.3375,58163.2768762815
"192","Europe","Denmark",2010,5.44805740383297,29.72,5.4878,58041.3984363385
"193","Europe","Denmark",2011,5.48240340870837,28.5,5.19845,61753.647131977
"194","Europe","Denmark",2012,5.00960551593529,30,5.998475,58507.5080517852
"195","Europe","Denmark",2013,5.04851756976805,28.5,5.649275,61191.1937042028
"196","Europe","Denmark",2014,5.16300919708643,28.5,5.5201,62548.9847332908
"197","Europe","Denmark",2015,5.22726054963948,34.545,6.614225,53254.8563700916
"198","Europe","Denmark",2016,4.38109838078312,30,6.848825,54663.9983719195
"199","Europe","Denmark",2017,4.41554944438982,30,6.8069,57610.0981801136
"200","Europe","Denmark",2018,4.82483452189987,30,6.2209,61598.5367043936
"201","Europe","Denmark",2019,4.5547091079358,30,6.587375,60170.3426365069
"202","Europe","Denmark",2020,4.52266240262016,30,6.63435,60897.231
"203","Africa","Egypt",2003,1.35135135135135,8,5.92,NA
"204","Africa","Egypt",2004,1.61550888529887,10,6.19,NA
"205","Africa","Egypt",2005,1.55172413793103,9,5.8,NA
"206","Africa","Egypt",2006,1.62886570822065,9.375,5.755375,NA
"207","Africa","Egypt",2007,1.63564441947097,9.315,5.695125,NA
"208","Africa","Egypt",2008,2.44705882352941,13,5.3125,NA
"209","Africa","Egypt",2009,2.32776758135995,13,5.58475,NA
"210","Africa","Egypt",2010,2.32993798208928,13,5.582,NA
"211","Africa","Egypt",2011,2.36330090573633,14.09,5.962,2788.829
"212","Africa","Egypt",2012,2.60246775424184,15.75,6.05175,2788.829
"213","Africa","Egypt",2013,2.3914415145652,16.375,6.84745,2931.827
"214","Africa","Egypt",2014,2.39996871562921,16.93,7.055525,3055.389
"215","Africa","Egypt",2015,2.23278428182463,16.93,7.59005,3273.3045
"216","Africa","Egypt",2016,2.37614377320413,19.965,8.355,3522.0005
"217","Africa","Egypt",2017,1.6092774547146,29.43,18.3275,3712.4115
"218","Africa","Egypt",2018,1.84239646786161,32.79,17.8025,3092.673
"219","Africa","Egypt",2019,2.38061273028465,41,17.2625,2495.02
"220","Africa","Egypt",2020,2.63903255608284,42,15.915,2573.288
"221","Europe","Euro Zone",2000,2.38080000045235,2.56,1.075268817,NA
"222","Europe","Euro Zone",2001,2.26160000072371,2.57,1.136363636,NA
"223","Europe","Euro Zone",2002,2.37629999919206,2.67,1.123595506,NA
"224","Europe","Euro Zone",2003,2.9810000002981,2.71,0.909090909,NA
"225","Europe","Euro Zone",2004,3.2880000013152,2.74,0.833333333,NA
"226","Europe","Euro Zone",2005,3.58313199823029,2.92,0.814929509,NA
"227","Europe","Euro Zone",2006,3.64037074830437,2.9247867645,0.804261671,NA
"228","Europe","Euro Zone",2007,3.98805047320091,2.9987412215,0.752784921,NA
"229","Europe","Euro Zone",2008,5.34270458800347,3.36856,0.630497147,NA
"230","Europe","Euro Zone",2009,4.6171189975617,3.31,0.716897269,NA
"231","Europe","Euro Zone",2010,4.58823391181342,3.3700155355,0.736901274,NA
"232","Europe","Euro Zone",2011,4.92840183586624,3.437660401,0.697520315,36947
"233","Europe","Euro Zone",2012,4.38756973380272,3.5379693055,0.806541889,36947
"234","Europe","Euro Zone",2013,4.76871130624287,3.6093600305,0.757351501,40137.01059
"235","Europe","Euro Zone",2014,4.95769300242787,3.668600507,0.7399836945,38512.65719
"236","Europe","Euro Zone",2015,4.15886850010821,3.69,0.887886814,39336.01482
"237","Europe","Euro Zone",2016,4.102314499375,3.77,0.9192695105,37071.851255
"238","Europe","Euro Zone",2017,4.26340125090332,3.895,0.9154708875,34604.196395
"239","Europe","Euro Zone",2018,4.7854347486623,3.995,0.835016275124547,36220.0005729882
"240","Europe","Euro Zone",2019,4.60707975,4.065,0.882412708335921,37344.3382245728
"241","Europe","Euro Zone",2020,4.68409825,4.165,0.889391403600241,40247.3234068038
"242","Asia","Hong Kong",2000,1.30937098844673,10.2,7.79,NA
"243","Asia","Hong Kong",2001,1.37179487179487,10.7,7.8,NA
"244","Asia","Hong Kong",2002,1.4,11.2,8,NA
"245","Asia","Hong Kong",2003,1.47435897435897,11.5,7.8,NA
"246","Asia","Hong Kong",2004,1.54043645699615,12,7.79,NA
"247","Asia","Hong Kong",2005,1.54227768709756,12,7.7807,NA
"248","Asia","Hong Kong",2006,1.54793772390502,12,7.75225,NA
"249","Asia","Hong Kong",2007,1.53708394938023,12,7.807,NA
"250","Asia","Hong Kong",2008,1.70569677071844,13.3,7.7974,NA
"251","Asia","Hong Kong",2009,1.71601832139862,13.3,7.7505,NA
"252","Asia","Hong Kong",2010,1.90589882841092,14.8,7.765375,NA
"253","Asia","Hong Kong",2011,1.93793475191868,15.1,7.7918,31590.681
"254","Asia","Hong Kong",2012,2.12553615585553,16.5,7.76275,31590.681
"255","Asia","Hong Kong",2013,2.19132177611431,17,7.757875,34259.337
"256","Asia","Hong Kong",2014,2.37294804137024,18.4,7.75415,35424.89
"257","Asia","Hong Kong",2015,2.45127380649862,19,7.751075,38913.272
"258","Asia","Hong Kong",2016,2.47618135998875,19.2,7.753875,41211.082
"259","Asia","Hong Kong",2017,2.466716704159,19.2,7.783725,42958.812
"260","Asia","Hong Kong",2018,2.58507872426474,20.25,7.833625,44835.102
"261","Asia","Hong Kong",2019,2.58876603835652,20.25,7.822425,46085.8505
"262","Asia","Hong Kong",2020,2.64068717323731,20.5,7.76315,48450.607
"263","Europe","Hungary",2000,1.21505376344086,339,279,4624.28165670295
"264","Europe","Hungary",2001,1.31683168316832,399,303,5276.03318905496
"265","Europe","Hungary",2002,1.6875,459,272,6655.33300865319
"266","Europe","Hungary",2003,2.1875,490,224,8421.10331316153
"267","Europe","Hungary",2004,2.51184834123223,530,211,10285.7936270098
"268","Europe","Hungary",2005,2.6025937547571,530,203.643,11200.5769496264
"269","Europe","Hungary",2006,2.70989927078435,560,206.6502,11475.8227057093
"270","Europe","Hungary",2007,3.1820236773824,595,187.31715,13918.9601910137
"271","Europe","Hungary",2008,4.64446289905988,670,144.2578,15753.4732840195
"272","Europe","Hungary",2009,3.61522552228711,720,199.1577,13046.4810081848
"273","Europe","Hungary",2010,3.59563367654069,730,204.309975,13191.6212644696
"274","Europe","Hungary",2011,4.04099697775963,760,188.0724,14216.1656114334
"275","Europe","Hungary",2012,3.05473001134225,737.5,241.954675,12950.6865153085
"276","Europe","Hungary",2013,3.79046597569871,845,222.965675,13687.5140593304
"277","Europe","Hungary",2014,3.81084821172128,860,225.7016,14267.0121547683
"278","Europe","Hungary",2015,3.17520845616828,880,277.135625,12706.8912148924
"279","Europe","Hungary",2016,3.11293162684822,900,289.159375,13090.5067287853
"280","Europe","Hungary",2017,3.13187949616054,881,281.62055,14605.8543453283
"281","Europe","Hungary",2018,3.25077789501425,857,264.286175,16410.1872639683
"282","Europe","Hungary",2019,3.06523536185187,875,285.404975,16731.8215139051
"283","Europe","Hungary",2020,2.9514641801947,900,305.064075,16484.19
"284","Asia","India",2011,1.89189189189189,84,44.4,1458.10352686177
"285","Asia","India",2012,1.60147897723804,86.5,54.035,1443.87952939042
"286","Asia","India",2013,1.58366145146675,89.5,56.6875,1449.6059123387
"287","Asia","India",2014,1.64175679592727,100,60.966875,1573.88149211052
"288","Asia","India",2015,1.85972244484662,116.25,62.5225,1605.60543355488
"289","Asia","India",2016,2.15592037028127,144.5,67.00125,1732.56426178428
"290","Asia","India",2017,2.6226245973975,174,66.4425,1981.6510498992
"291","Asia","India",2018,2.66611608182148,176.5,66.343125,2005.86300452403
"292","Asia","India",2019,2.61188231491349,180.5,69.1197,2099.59904810855
"293","Asia","India",2020,2.58955958818474,189,73.037825,2037.692
"294","Asia","Indonesia",2000,1.82504719949654,14500,7945,780.190200986579
"295","Asia","Indonesia",2001,1.35421464762782,14700,10855,748.257615698969
"296","Asia","Indonesia",2002,1.69671261930011,16000,9430,900.177575713531
"297","Asia","Indonesia",2003,1.84210526315789,16100,8740,1065.64853925461
"298","Asia","Indonesia",2004,1.76535087719298,16100,9120,1150.26131499565
"299","Asia","Indonesia",2005,1.5295966474594,14600,9545,1263.28732054575
"300","Asia","Indonesia",2006,1.55451201333114,14600,9392.5,1589.80148866142
"301","Asia","Indonesia",2007,1.75645101947799,15900,9052.5,1860.00276310682
"302","Asia","Indonesia",2008,2.04326923076923,18700,9152,2166.85416700025
"303","Asia","Indonesia",2009,2.04901960784314,20900,10200,2261.24722374577
"304","Asia","Indonesia",2010,2.37800288301395,21840,9191.5,3122.36281521649
"305","Asia","Indonesia",2011,2.64390472838203,22534,8523,3643.04393616102
"306","Asia","Indonesia",2012,2.50605663501025,23367,9321.25,3694.34894603237
"307","Asia","Indonesia",2013,2.83205869891947,27939,9866.25,3623.91158235134
"308","Asia","Indonesia",2014,2.36491137726094,27939,11822.5,3491.62479085767
"309","Asia","Indonesia",2015,2.26214387247555,29219.5,12912.25,3331.69512758628
"310","Asia","Indonesia",2016,2.27546408113908,30750,13530,3562.84575641971
"311","Asia","Indonesia",2017,2.36434395874048,31563,13349.25,3837.65173121117
"312","Asia","Indonesia",2018,2.43484591256539,33625,13859.5,3893.84642475571
"313","Asia","Indonesia",2019,2.3033858267321,32500,14110,4135.56926281554
"314","Asia","Indonesia",2020,2.38471578442728,33500,14052.5,3870.562
"315","Asia","Israel",2000,3.58024691358025,14.5,4.05,21043.5749244436
"316","Asia","Israel",2002,2.50521920668058,12,4.79,18435.8947595468
"317","Asia","Israel",2009,3.77429703717683,15,3.97425,27715.6367947301
"318","Asia","Israel",2010,3.92508350118033,14.9,3.7972,30693.5930646542
"319","Asia","Israel",2011,4.67186742474327,15.9,3.40335,33669.246476486
"320","Asia","Israel",2012,3.52541484499729,13.9,3.962375,32511.2378524925
"321","Asia","Israel",2013,4.40016484238718,16.2,3.68525,36309.4688325612
"322","Asia","Israel",2014,5.07158321898152,17.5,3.451,37678.8897709163
"323","Asia","Israel",2015,4.539940175813,17.5,3.85625,35776.7951618068
"324","Asia","Israel",2016,4.33392696618932,16.9,3.8999,37321.6240397313
"325","Asia","Israel",2017,4.57862704510032,16.9,3.69775,40541.8620938968
"326","Asia","Israel",2018,4.73924440038249,16.75,3.535625,41719.7254385703
"327","Asia","Israel",2019,4.67558891817582,17,3.637275,43592.0835823234
"328","Asia","Israel",2020,4.9303053347631,17,3.4481,41728.191
"329","Asia","Japan",2000,2.77358490566038,294,106,38532.0408752935
"330","Asia","Japan",2001,2.37096774193548,294,124,33846.4656414342
"331","Asia","Japan",2002,2.01538461538462,262,130,32289.3505360726
"332","Asia","Japan",2003,2.18333333333333,262,120,34808.3909176613
"333","Asia","Japan",2004,2.31858407079646,262,113,37688.7223359406
"334","Asia","Japan",2005,2.34268846928735,250,106.715,37217.648727917
"335","Asia","Japan",2006,2.20859155243903,250,113.205,35433.988963743
"336","Asia","Japan",2007,2.29604352871141,280,121.95,35275.2284312667
"337","Asia","Japan",2008,2.62037340320996,280,106.855,39339.2975731826
"338","Asia","Japan",2009,3.45703019499811,320,92.565,40855.1756354596
"339","Asia","Japan",2010,3.58315310556393,320,89.36,44507.6763859172
"340","Asia","Japan",2011,4.08345562432208,320,78.365,48167.9972684965
"341","Asia","Japan",2012,4.1255958599377,320,77.57,48603.4766497749
"342","Asia","Japan",2013,3.35530852984315,320,95.585,40454.4474578903
"343","Asia","Japan",2014,3.30900340526904,340,102.8875,38109.4121125573
"344","Asia","Japan",2015,3.06364310453317,370,120.85,34524.4698609337
"345","Asia","Japan",2016,3.29270049494319,370,112.685,38761.8181501925
"346","Asia","Japan",2017,3.30911830998915,380,114.8625,38386.5111457057
"347","Asia","Japan",2018,3.4687719600894,385,110.9875,39159.4235633952
"348","Asia","Japan",2019,3.59108559340395,390,108.6025,40246.8801284164
"349","Asia","Japan",2020,3.58984097729848,390,108.6575,39303.958
"350","Asia","Malaysia",2000,1.18947368421053,4.52,3.8,4043.66205143391
"351","Asia","Malaysia",2001,1.18947368421053,4.52,3.8,3913.42872623909
"352","Asia","Malaysia",2002,1.32631578947368,5.04,3.8,4165.72610363859
"353","Asia","Malaysia",2003,1.32631578947368,5.04,3.8,4461.84768676805
"354","Asia","Malaysia",2004,1.32631578947368,5.04,3.8,4952.2129750437
"355","Asia","Malaysia",2005,1.38157894736842,5.25,3.8,5587.02564962339
"356","Asia","Malaysia",2006,1.49124819634619,5.5,3.68915,6209.12450825631
"357","Asia","Malaysia",2007,1.58596435420843,5.5,3.46825,7243.45598744703
"358","Asia","Malaysia",2008,1.69857936998147,5.5,3.238,8474.58682876228
"359","Asia","Malaysia",2009,1.87951138256524,6.77,3.602,7292.49444727908
"360","Asia","Malaysia",2010,2.13752521219004,7.05,3.3005,9040.56625117172
"361","Asia","Malaysia",2011,2.42179616548941,7.2,2.973,10399.372753345
"362","Asia","Malaysia",2012,2.33645507161479,7.375,3.156525,10817.4428742856
"363","Asia","Malaysia",2013,2.43694687507187,7.625,3.13175,10970.1232849014
"364","Asia","Malaysia",2014,2.31770407785841,7.515,3.2455,11319.0797572756
"365","Asia","Malaysia",2015,2.06003919773954,7.64,3.711,9955.24370828938
"366","Asia","Malaysia",2016,1.90393839873399,8,4.20975,9817.73845699838
"367","Asia","Malaysia",2017,1.89606831647469,8.3,4.3825,10259.1817806895
"368","Asia","Malaysia",2018,2.18842983936148,8.725,3.98825,11377.4550023015
"369","Asia","Malaysia",2019,2.16716335437706,8.95,4.13,11414.2069765208
"370","Asia","Malaysia",2020,2.33681053984588,9.745,4.17,11072.387
"371","Americas","Mexico",2000,2.22104144527099,20.9,9.41,7157.81449985734
"372","Americas","Mexico",2001,2.35737351991389,21.9,9.29,7544.56864813643
"373","Americas","Mexico",2002,2.35991379310345,21.9,9.28,7593.13779293625
"374","Americas","Mexico",2003,2.18423551756885,23,10.53,7075.36964299974
"375","Americas","Mexico",2004,2.06896551724138,24,11.6,7484.48654193029
"376","Americas","Mexico",2005,2.57648953301127,28,10.8675,8277.67125149603
"377","Americas","Mexico",2006,2.61079217698922,28.5,10.9228,9068.29438701235
"378","Americas","Mexico",2007,2.67820889404984,29,10.828475,9642.68060504911
"379","Americas","Mexico",2008,3.14697349658258,32,10.1685,10016.5713043884
"380","Americas","Mexico",2009,2.38950356253258,33,13.8104,8002.97210649807
"381","Americas","Mexico",2010,2.50041895535194,32,12.797875,9271.39823324639
"382","Americas","Mexico",2011,2.74189747873958,32,11.67075,10203.4208543113
"383","Americas","Mexico",2012,2.70355190701625,37,13.6857,10241.7279153745
"384","Americas","Mexico",2013,2.88185008056228,37,12.839775,10725.1833166036
"385","Americas","Mexico",2014,3.01137039528527,39.5,13.13265,10928.9168262489
"386","Americas","Mexico",2015,3.23149592333571,49,15.183625,9616.64500568952
"387","Americas","Mexico",2016,2.59202197480261,46.5,17.985875,8744.51577183222
"388","Americas","Mexico",2017,2.49326782860546,49,19.870625,9287.84973619382
"389","Americas","Mexico",2018,2.57192041491573,48.5,18.8575,9686.51378326598
"390","Americas","Mexico",2019,2.59193863763428,49.5,19.102,9946.03382879198
"391","Americas","Mexico",2020,2.44261939995378,50,20.62825,9796.976
"392","Oceania","New Zealand",2000,1.69154228855721,3.4,2.01,13641.1027183822
"393","Oceania","New Zealand",2001,1.45748987854251,3.6,2.47,13882.8568268586
"394","Oceania","New Zealand",2002,1.60714285714286,3.6,2.24,16874.1874918196
"395","Oceania","New Zealand",2003,2.21910112359551,3.95,1.78,21913.7081719961
"396","Oceania","New Zealand",2004,2.65243902439024,4.35,1.64,25420.234882944
"397","Oceania","New Zealand",2005,3.17335805462455,4.45,1.4023,27751.0654708859
"398","Oceania","New Zealand",2006,2.910584028473,4.45,1.533855,26671.3294177179
"399","Oceania","New Zealand",2007,3.40798561635908,4.6,1.35383,32511.126663932
"400","Oceania","New Zealand",2008,3.7186005919405,4.9,1.3177,31290.2537245347
"401","Oceania","New Zealand",2009,3.07721292429428,4.9,1.59235,28205.732843583
"402","Oceania","New Zealand",2010,3.60065279897724,4.95,1.37480383,33700.126039246
"403","Oceania","New Zealand",2011,4.41150000061761,5.1,1.156069364,38437.543157275
"404","Oceania","New Zealand",2012,4.026067500332,5.1,1.266781068,39982.7543013783
"405","Oceania","New Zealand",2013,4.31182750132901,5.35,1.2408869405,42962.9882149803
"406","Oceania","New Zealand",2014,4.75831249996039,5.6,1.1778726355,44553.2822108385
"407","Oceania","New Zealand",2015,4.20109500051722,5.9,1.4111880735,38615.9951849093
"408","Oceania","New Zealand",2016,4.06679499988419,5.95,1.464715626,40105.6133867135
"409","Oceania","New Zealand",2017,4.30877999936681,6.05,1.4049310215,42849.426324701
"410","Oceania","New Zealand",2018,4.37208500069625,6.2,1.41950408352797,42949.9305849512
"411","Oceania","New Zealand",2019,4.21,6.3,1.49636082361133,42084.3533748088
"412","Oceania","New Zealand",2020,4.32147999999999,6.55,1.51567119940666,41204.706
"413","Europe","Norway",2002,4.08878504672897,35,8.56,43084.4724650717
"414","Europe","Norway",2004,5.18316275131039,35.5,6.8491,57603.836021826
"415","Europe","Norway",2005,6.06286726984423,39,6.4326,66810.478520868
"416","Europe","Norway",2006,7.04652344198089,43,6.1023,74148.3200757187
"417","Europe","Norway",2007,6.84038889064241,40.75,5.9581,85139.9604469545
"418","Europe","Norway",2008,7.87533347115167,40,5.07915,96944.0956064873
"419","Europe","Norway",2009,6.14510120213542,40,6.50925,79977.6970817492
"420","Europe","Norway",2010,7.11367467125463,42.5,5.9709,87693.7900658099
"421","Europe","Norway",2011,8.31170750177778,45,5.41405,100600.562407589
"422","Europe","Norway",2012,6.9232856103748,42,6.065975,101524.141851985
"423","Europe","Norway",2013,7.67434196217232,44.5,5.8056,102913.450843674
"424","Europe","Norway",2014,7.77663065705034,48,6.172375,97019.1827527462
"425","Europe","Norway",2015,5.97324125072375,47,7.882525,74355.5158575643
"426","Europe","Norway",2016,5.36237577838071,46.8,8.7341,70459.1825041029
"427","Europe","Norway",2017,5.78999041856119,49,8.466775,75496.7540581998
"428","Europe","Norway",2018,5.73243243769214,45.5,7.9458,81734.4655736102
"429","Europe","Norway",2019,5.35681036413252,46,8.592825,75419.6348688089
"430","Europe","Norway",2020,5.76036735127903,52.5,9.1231,81549.977
"431","Asia","Pakistan",2004,1.90443213296399,110,57.76,687.836417052676
"432","Asia","Pakistan",2005,2.18047635021805,130,59.62,748.922584598993
"433","Asia","Pakistan",2006,2.16468237449005,130,60.055,836.86052111605
"434","Asia","Pakistan",2007,2.32511451769951,140,60.2125,908.095090591223
"435","Asia","Pakistan",2008,1.97461212976023,140,70.9,990.846599619906
"436","Asia","Pakistan",2009,2.30024213075061,190,82.6,957.995680750104
"437","Asia","Pakistan",2010,2.43836494858349,205,84.0625,987.409723043923
"438","Asia","Pakistan",2011,2.37570212519544,205.13,86.345,1164.97612914872
"439","Asia","Pakistan",2012,2.94990530338878,272.5,92.3275,1198.10900052752
"440","Asia","Pakistan",2013,2.98414215752485,295,98.85,1208.90431029644
"441","Asia","Pakistan",2014,3.03787541437022,310,102.0475,1251.16410422834
"442","Asia","Pakistan",2015,3.20980273846618,325,101.2175,1356.66775582649
"443","Asia","Pakistan",2016,3.2189185369677,337.5,104.8525,1368.45432627629
"444","Asia","Pakistan",2017,3.57271593806577,375,104.9625,1464.99330546855
"445","Asia","Pakistan",2018,3.24009270306123,375,115.9975,1482.30566684338
"446","Asia","Pakistan",2019,3.18039941726801,470,148.165,1284.70204090039
"447","Asia","Pakistan",2020,3.33042485584858,535,160.6875,1565.427
"448","Americas","Peru",2002,2.47813411078717,8.5,3.43,2021.23974003736
"449","Americas","Peru",2003,2.28323699421965,7.9,3.46,2145.64318305231
"450","Americas","Peru",2004,2.57593123209169,8.99,3.49,2417.03550061566
"451","Americas","Peru",2005,2.76224420819763,8.99,3.2546,2729.49868238345
"452","Americas","Peru",2006,2.83501815276586,9.5,3.3535,3154.33123689413
"453","Americas","Peru",2007,2.98910376163736,9.5,3.17825,3606.07043477475
"454","Americas","Peru",2008,3.34507042253521,9.5,2.84,4220.61696939507
"455","Americas","Peru",2009,2.66102926603686,8.056,3.0274,4196.31279301889
"456","Americas","Peru",2010,3.17158644961683,9.028,2.849,5082.35475666351
"457","Americas","Peru",2011,3.65296803652968,10,2.7375,5869.32307961474
"458","Americas","Peru",2012,3.71402042711235,10,2.6925,6528.97221785312
"459","Americas","Peru",2013,3.75012889422896,10,2.67125,6756.75276926556
"460","Americas","Peru",2014,3.57497876547602,10,2.79725,6672.8802554854
"461","Americas","Peru",2015,3.23283244054283,10,3.09575,6229.10169612596
"462","Americas","Peru",2016,2.97531408605556,10,3.361925,6204.99726003927
"463","Americas","Peru",2017,3.23567155258459,10.75,3.3222,6710.50802896038
"464","Americas","Peru",2018,3.23926409618219,10.5,3.24175,6941.23584763012
"465","Americas","Peru",2019,3.16516449279545,10.5,3.31765,6977.69578355382
"466","Americas","Peru",2020,3.48938793086846,11.9,3.41245,7007.171
"467","Asia","Philippines",2001,1.17296222664016,59,50.3,990.563896177889
"468","Asia","Philippines",2002,1.27450980392157,65,51,1036.15931344122
"469","Asia","Philippines",2003,1.23809523809524,65,52.5,1048.00819194625
"470","Asia","Philippines",2004,1.23434704830054,69,55.9,1121.48963230059
"471","Asia","Philippines",2005,1.46654445462878,80,54.55,1244.34904100158
"472","Asia","Philippines",2006,1.58736511900428,83.5,52.6025,1452.43865554224
"473","Asia","Philippines",2007,1.79243915343651,85,47.47375,1744.64031268735
"474","Asia","Philippines",2008,1.95571540968866,87,44.485,1991.23154167359
"475","Asia","Philippines",2009,2.0541490131239,99.39,48.385,1905.89471053263
"476","Asia","Philippines",2010,2.20288294347483,101.76,46.195,2217.47400857231
"477","Asia","Philippines",2011,2.78236265031832,118,42.41,2450.73365616231
"478","Asia","Philippines",2012,2.73886099759237,118,43.1025,2694.30547298686
"479","Asia","Philippines",2013,2.77928392256122,116.605,42.02,2871.43090179354
"480","Asia","Philippines",2014,3.3440098612083,147.5,44.2175,2959.64845212232
"481","Asia","Philippines",2015,3.63777109731704,163,44.81125,3001.04037107616
"482","Asia","Philippines",2016,2.80439027681135,132,47.06875,3073.653614975
"483","Asia","Philippines",2017,2.66504637785529,133.5,50.09575,3123.23422944462
"484","Asia","Philippines",2018,2.62957693215423,137,52.106,3252.09232413346
"485","Asia","Philippines",2019,2.71961271932775,141,51.855,3485.08421835861
"486","Asia","Philippines",2020,2.84020779985631,142,50.003,3104.223
"487","Europe","Poland",2000,1.27906976744186,5.5,4.3,4501.45406742273
"488","Europe","Poland",2001,1.46401985111663,5.9,4.03,4991.24435799511
"489","Europe","Poland",2002,1.46039603960396,5.9,4.04,5207.17142069402
"490","Europe","Poland",2003,1.61953727506427,6.3,3.89,5701.6022116161
"491","Europe","Poland",2004,1.62790697674419,6.3,3.87,6681.38647195042
"492","Europe","Poland",2005,1.96398356296833,6.5,3.3096,8021.50574346795
"493","Europe","Poland",2006,2.0919798274385,6.5,3.107125,9035.41046744936
"494","Europe","Poland",2007,2.41463416569037,6.9,2.8618,11254.5173881254
"495","Europe","Poland",2008,3.44581456595043,7,2.03145,13996.0251506835
"496","Europe","Poland",2009,2.40868393946597,7.6,3.15525,11526.0558884824
"497","Europe","Poland",2010,2.72637653115167,8.2,3.016275,12613.0109954681
"498","Europe","Poland",2011,3.08566933638444,8.63,2.7968,13879.5609852546
"499","Europe","Poland",2012,2.60734430061818,9.1,3.4904,13097.2708482174
"500","Europe","Poland",2013,2.83834973745273,9.15,3.22875,13696.4663046143
"501","Europe","Poland",2014,2.9968410034377,9.2,3.0699,14271.3058536202
"502","Europe","Poland",2015,2.51302442693969,9.4,3.7401,12578.4954734362
"503","Europe","Poland",2016,2.39625289648234,9.6,4.006675,12447.4395912808
"504","Europe","Poland",2017,2.51218579329703,9.85,3.940375,13864.6817579973
"505","Europe","Poland",2018,2.85248228310554,10.1,3.54635,15468.4822194105
"506","Europe","Poland",2019,2.81873923685187,10.65,3.7781,15692.5070255563
"507","Europe","Poland",2020,2.84338241786316,11,3.870025,15425.681
"508","Europe","Russia",2000,1.3859649122807,39.5,28.5,NA
"509","Europe","Russia",2001,1.21107266435986,35,28.9,NA
"510","Europe","Russia",2002,1.25,39,31.2,NA
"511","Europe","Russia",2003,1.31832797427653,41,31.1,NA
"512","Europe","Russia",2004,1.44827586206897,42,29,NA
"513","Europe","Russia",2005,1.47858689338332,42,28.4055,NA
"514","Europe","Russia",2006,1.68902736577237,47,27.866875,NA
"515","Europe","Russia",2007,1.93707542013611,50.5,26.090875,NA
"516","Europe","Russia",2008,2.53942565938985,59,23.2336,NA
"517","Europe","Russia",2009,2.04293829411603,67,32.7959,NA
"518","Europe","Russia",2010,2.33561662496582,70.5,30.185125,NA
"519","Europe","Russia",2011,2.70245923790649,75,27.7525,10437.49
"520","Europe","Russia",2012,2.41932085427737,78,32.267275,10437.49
"521","Europe","Russia",2013,2.53347437461632,79.94,31.49195,12993.358
"522","Europe","Russia",2014,2.58853460921806,89,34.38825,13504.554
"523","Europe","Russia",2015,1.62388555025122,98,61.021,13758.647
"524","Europe","Russia",2016,1.78862667303703,122,69.031275,10886.3005
"525","Europe","Russia",2017,2.21455890380608,133.5,60.2872,9054.914
"526","Europe","Russia",2018,2.19148953531126,130,59.442825,9776.9015
"527","Europe","Russia",2019,1.84423819928148,120.085,65.261875,10958.891
"528","Europe","Russia",2020,2.05506076945753,135,66.00875,11289.439
"529","Asia","Saudi Arabia",2004,0.639965868487014,2.4,3.7502,11185.1389747634
"530","Asia","Saudi Arabia",2005,2.39993600170662,9,3.7501,13791.4501296897
"531","Asia","Saudi Arabia",2006,2.40064017071219,9,3.749,15384.7402421118
"532","Asia","Saudi Arabia",2007,2.40017610263402,9,3.749725,16516.6265340361
"533","Asia","Saudi Arabia",2008,2.66698670507128,10,3.74955,20078.2554193042
"534","Asia","Saudi Arabia",2009,2.9330204778157,11,3.7504,16113.1437099688
"535","Asia","Saudi Arabia",2010,2.66643557854565,10,3.750325,19262.5525186107
"536","Asia","Saudi Arabia",2011,2.66652445202923,10,3.7502,23745.8016143957
"537","Asia","Saudi Arabia",2012,2.66650667638459,10,3.750225,25243.3586980136
"538","Asia","Saudi Arabia",2013,2.79985067463069,10.5,3.7502,24844.7443707585
"539","Asia","Saudi Arabia",2014,2.93304002946073,11,3.750375,24463.9031634311
"540","Asia","Saudi Arabia",2015,3.06373832417291,11.5,3.753725,20627.9327823422
"541","Asia","Saudi Arabia",2016,3.19795412978223,12,3.7524,19879.2975306167
"542","Asia","Saudi Arabia",2017,3.19965871728935,12,3.7504,20803.7459178785
"543","Asia","Saudi Arabia",2018,3.19970136177501,12,3.75035,23338.9634580718
"544","Asia","Saudi Arabia",2019,3.33268105441172,12.5,3.75075,23139.7986561214
"545","Asia","Saudi Arabia",2020,3.59864587880744,13.5,3.751425,23538.94
"546","Asia","Singapore",2000,1.88235294117647,3.2,1.7,23852.3270285975
"547","Asia","Singapore",2001,1.8232044198895,3.3,1.81,21700.0200458315
"548","Asia","Singapore",2002,1.81318681318681,3.3,1.82,22159.6888632741
"549","Asia","Singapore",2003,1.85393258426966,3.3,1.78,23730.1524496489
"550","Asia","Singapore",2004,1.92982456140351,3.3,1.71,27608.5373712744
"551","Asia","Singapore",2005,2.16776058288673,3.6,1.6607,29961.2632774569
"552","Asia","Singapore",2006,2.23471659905342,3.6,1.6113,33769.1541633501
"553","Asia","Singapore",2007,2.4665335350337,3.775,1.53085,39432.9383493761
"554","Asia","Singapore",2008,2.91997782295324,3.95,1.35275,40007.469261214
"555","Asia","Singapore",2009,2.88152953226357,4.22,1.4645,38927.2068817715
"556","Asia","Singapore",2010,3.13343076203385,4.34,1.384875,47236.9602345421
"557","Asia","Singapore",2011,3.65353547906052,4.41,1.20705,53890.4287270504
"558","Asia","Singapore",2012,3.62388634758887,4.625,1.27565,55546.4885386921
"559","Asia","Singapore",2013,3.66565469020736,4.6,1.254775,56967.4257940383
"560","Asia","Singapore",2014,3.69671377183269,4.65,1.258425,57562.5307937678
"561","Asia","Singapore",2015,3.4825901522525,4.7,1.349775,55646.6187469505
"562","Asia","Singapore",2016,3.64213774963704,5.075,1.397475,56828.2953471601
"563","Asia","Singapore",2017,3.97850659193697,5.6,1.408225,60913.745333494
"564","Asia","Singapore",2018,4.33161340365429,5.8,1.3392,66188.7793961798
"565","Asia","Singapore",2019,4.26911740564254,5.8,1.3586,65233.2824392302
"566","Asia","Singapore",2020,4.31578101627849,5.9,1.367375,64578.772
"567","Africa","South Africa",2000,1.33928571428571,9,6.72,3032.42713820462
"568","Africa","South Africa",2001,1.19311193111931,9.7,8.13,2666.47490998748
"569","Africa","South Africa",2002,0.889908256880734,9.7,10.9,2502.27700465337
"570","Africa","South Africa",2003,1.8452380952381,13.95,7.56,3751.2828130871
"571","Africa","South Africa",2004,1.86186186186186,12.4,6.66,4833.62751660714
"572","Africa","South Africa",2005,2.09831232514064,13.95,6.6482,5383.65654250984
"573","Africa","South Africa",2006,2.20444611687256,13.95,6.33865,5602.01104380458
"574","Africa","South Africa",2007,2.20180106591498,15.5,7.040375,6095.62243887023
"575","Africa","South Africa",2008,2.24110005619277,16.95,7.56325,5760.80528723832
"576","Africa","South Africa",2009,2.16774349375038,17.95,8.2805,5862.79734021167
"577","Africa","South Africa",2010,2.45273763106845,18.2,7.4205,7328.61562893966
"578","Africa","South Africa",2011,2.87345708650657,19.45,6.76885,8007.41284634441
"579","Africa","South Africa",2012,2.40479927573198,19.95,8.29935,7501.4699839525
"580","Africa","South Africa",2013,2.2747884049348,21.7,9.547125,6832.45689096701
"581","Africa","South Africa",2014,2.24525432716133,24,10.696075,6433.18727662894
"582","Africa","South Africa",2015,2.15790649617801,25.75,11.94665,5734.63362915331
"583","Africa","South Africa",2016,1.93618562153978,29,15.04375,5272.91842475419
"584","Africa","South Africa",2017,2.07356939729978,28.16,13.61125,6132.4798409721
"585","Africa","South Africa",2018,2.38369034557115,30.5,12.810025,6374.02819575944
"586","Africa","South Africa",2019,2.21119571759557,31,14.02125,6001.40081394888
"587","Africa","South Africa",2020,2.00673666655695,31,15.53175,6353.846
"588","Asia","South Korea",2000,2.70758122743682,3000,1108,NA
"589","Asia","South Korea",2001,2.26415094339623,3000,1325,NA
"590","Asia","South Korea",2002,2.37730061349693,3100,1304,NA
"591","Asia","South Korea",2003,2.70491803278689,3300,1220,NA
"592","Asia","South Korea",2004,2.71877655055225,3200,1177,NA
"593","Asia","South Korea",2005,2.48632521133764,2500,1005.5,NA
"594","Asia","South Korea",2006,2.59131154273943,2500,964.925,NA
"595","Asia","South Korea",2007,3.11412279681484,2900,931.325,NA
"596","Asia","South Korea",2008,3.1432640832965,3200,1018.05,NA
"597","Asia","South Korea",2009,2.58653480410803,3400,1314.5,NA
"598","Asia","South Korea",2010,2.90200691360653,3400,1172.475,NA
"599","Asia","South Korea",2011,3.50312440825601,3700,1056.2,20590.962
"600","Asia","South Korea",2012,3.20384600605261,3700,1154.875,20590.962
"601","Asia","South Korea",2013,3.42132572183251,3800,1110.5875,22424.062
"602","Asia","South Korea",2014,3.73578782835787,3900,1045.525,22507.11
"603","Asia","South Korea",2015,3.77255831073098,4200,1113.4,27037.8925
"604","Asia","South Korea",2016,3.72325006563636,4350,1169.35,27582.8455
"605","Asia","South Korea",2017,3.76075792311059,4400,1170.55,27367.0015
"606","Asia","South Korea",2018,4.07364598339204,4450,1092.625,28713.048
"607","Asia","South Korea",2019,3.91733419686387,4500,1149.575,29844.125
"608","Asia","South Korea",2020,3.81971522494235,4500,1178.525,33319.988
"609","Asia","Sri Lanka",2004,1.41414141414141,140,99,1065.78443680197
"610","Asia","Sri Lanka",2005,1.75096302966632,175,99.945,1248.69818517034
"611","Asia","Sri Lanka",2006,1.84546646593172,190,102.955,1435.8171774712
"612","Asia","Sri Lanka",2007,1.86528260459961,200,107.1775,1630.38890604323
"613","Asia","Sri Lanka",2008,1.95258019525802,210,107.55,2037.32210302668
"614","Asia","Sri Lanka",2009,1.82831272853909,210,114.86,2090.4018261396
"615","Asia","Sri Lanka",2010,1.84521377947682,210,113.8175,2799.64887619972
"616","Asia","Sri Lanka",2011,2.55766156656771,280,109.475,3200.83382914016
"617","Asia","Sri Lanka",2012,2.37958154297235,290,122.465,3350.52187589289
"618","Asia","Sri Lanka",2013,2.79831931248889,360,128.625,3610.28936304898
"619","Asia","Sri Lanka",2014,2.68143897227234,350,130.5275,3819.25352972265
"620","Asia","Sri Lanka",2015,2.63444791244355,350,132.8625,3843.78067184442
"621","Asia","Sri Lanka",2016,3.02744145211018,440,145.125,3886.29150165239
"622","Asia","Sri Lanka",2017,3.71908590063189,565,151.8925,4077.04372120747
"623","Asia","Sri Lanka",2018,3.70637310361816,580,156.535,4080.56712469552
"624","Asia","Sri Lanka",2019,3.41280997405339,610,178.96,3853.08369288942
"625","Asia","Sri Lanka",2020,3.42766876667517,630,183.65,NA
"626","Europe","Sweden",2000,2.71493212669683,24,8.84,29624.9126748618
"627","Europe","Sweden",2001,2.33463035019455,24,10.28,27247.857734793
"628","Europe","Sweden",2002,2.5,26,10.4,29899.1952495081
"629","Europe","Sweden",2003,3.59712230215827,30,8.34,37321.7979047059
"630","Europe","Sweden",2004,3.94218134034166,30,7.61,42821.6731423358
"631","Europe","Sweden",2005,4.16655466250907,31,7.4402,43437.0631164776
"632","Europe","Sweden",2006,4.40461841378952,33,7.498225,46593.6021646111
"633","Europe","Sweden",2007,4.70177762075297,32.5,6.91645,53700.0053363063
"634","Europe","Sweden",2008,6.37492974995177,38,5.96085,56152.552340314
"635","Europe","Sweden",2009,4.93099764197164,39,7.90915,46946.9602719954
"636","Europe","Sweden",2010,6.03542180260303,43.7,7.227825,52869.0442891587
"637","Europe","Sweden",2011,7.63985351685819,48.4,6.3352,60755.7595508465
"638","Europe","Sweden",2012,5.82087244791069,40.486509935,6.95575,58037.8213192173
"639","Europe","Sweden",2013,6.27248506273864,41.08465069,6.55375,61126.9431963979
"640","Europe","Sweden",2014,6.120642427135,40.7,6.654575,60020.3604576572
"641","Europe","Sweden",2015,5.04805422987952,42.2,8.35705,51545.4836095322
"642","Europe","Sweden",2016,5.23007265807941,44.97,8.59835,51965.1571531985
"643","Europe","Sweden",2017,5.53972704873996,48.485,8.7701,53791.5087298403
"644","Europe","Sweden",2018,5.97497535727859,50.05,8.3857,54589.0603860606
"645","Europe","Sweden",2019,5.6105769196052,51.5,9.19065,51615.0206514946
"646","Europe","Sweden",2020,5.60021181068759,52.05,9.29875,54356.073
"647","Europe","Switzerland",2000,3.47058823529412,5.9,1.7,37868.3230348534
"648","Europe","Switzerland",2001,3.64161849710983,6.3,1.73,38538.9900858784
"649","Europe","Switzerland",2002,3.79518072289157,6.3,1.66,41376.3939501661
"650","Europe","Switzerland",2003,4.5985401459854,6.3,1.37,48087.5831291964
"651","Europe","Switzerland",2004,4.88372093023256,6.3,1.29,53340.1476775431
"652","Europe","Switzerland",2005,5.0501002004008,6.3,1.2475,54952.6737613431
"653","Europe","Switzerland",2006,5.07134278092928,6.3,1.243225,57579.5019538092
"654","Europe","Switzerland",2007,5.12375418533945,6.3,1.22985,63555.2374554216
"655","Europe","Switzerland",2008,6.35914493958812,6.5,1.02215,72487.8459417575
"656","Europe","Switzerland",2009,5.98499148289674,6.5,1.08605,69927.4687582492
"657","Europe","Switzerland",2010,6.24455523568315,6.5,1.041,74605.7210819748
"658","Europe","Switzerland",2011,8.06301556782237,6.5,0.80615,88415.6280324892
"659","Europe","Switzerland",2012,6.68362494369912,6.5,0.97285,83538.230025042
"660","Europe","Switzerland",2013,6.92194500487911,6.5,0.93985,85112.4643984141
"661","Europe","Switzerland",2014,6.98435291724677,6.33,0.906225,86605.5633762421
"662","Europe","Switzerland",2015,7.18283227126133,6.5,0.907225,82081.5971616165
"663","Europe","Switzerland",2016,6.51746126833083,6.5,0.99745,80172.2320869148
"664","Europe","Switzerland",2017,6.54591317165073,6.5,0.993875,80449.9945127739
"665","Europe","Switzerland",2018,6.65450839846384,6.5,0.97705,82818.1081617471
"666","Europe","Switzerland",2019,6.58185089067187,6.5,0.9876,81993.72712595
"667","Europe","Switzerland",2020,6.80942637917218,6.5,0.95475,83161.895
"668","Asia","Taiwan",2000,2.28758169934641,70,30.6,NA
"669","Asia","Taiwan",2001,2.12765957446809,70,32.9,NA
"670","Asia","Taiwan",2002,2.01149425287356,70,34.8,NA
"671","Asia","Taiwan",2003,2.01149425287356,70,34.8,NA
"672","Asia","Taiwan",2004,2.24550898203593,75,33.4,NA
"673","Asia","Taiwan",2005,2.40577385725742,75,31.175,NA
"674","Asia","Taiwan",2006,2.34046136634592,75,32.04525,NA
"675","Asia","Taiwan",2007,2.2832567429683,75,32.848,NA
"676","Asia","Taiwan",2008,2.47015232606011,75,30.3625,NA
"677","Asia","Taiwan",2009,2.2607044355021,75,33.1755,NA
"678","Asia","Taiwan",2010,2.3456955214951,75,31.974,NA
"679","Asia","Taiwan",2011,2.60109592841784,75,28.834,18457.752
"680","Asia","Taiwan",2012,2.49276165740462,75,30.0875,18457.752
"681","Asia","Taiwan",2013,2.58651728488605,77,29.76525,20082.918
"682","Asia","Taiwan",2014,2.62709541554426,79,30.0715,20234.6965
"683","Asia","Taiwan",2015,2.52761899357124,79,31.2565,21761.3255
"684","Asia","Taiwan",2016,2.11532044815093,69,32.63025,22443.6635
"685","Asia","Taiwan",2017,2.21331782403854,69,31.19125,22287.562
"686","Asia","Taiwan",2018,2.3032901316955,69,29.96275,23536.831
"687","Asia","Taiwan",2019,2.27490336413402,70.5,30.9875,24340.8855
"688","Asia","Taiwan",2020,2.426778979096,72,29.6705,25007.747
"689","Asia","Thailand",2000,1.44736842105263,55,38,2007.73517506683
"690","Asia","Thailand",2001,1.20879120879121,55,45.5,1893.26405987891
"691","Asia","Thailand",2002,1.270207852194,55,43.3,2096.18799866778
"692","Asia","Thailand",2003,1.38173302107728,59,42.7,2359.11686709087
"693","Asia","Thailand",2004,1.44607843137255,59,40.8,2660.1269982933
"694","Asia","Thailand",2005,1.48038490007402,60,40.53,2894.06265596401
"695","Asia","Thailand",2006,1.53495760440227,60,39.1,3369.54340286988
"696","Asia","Thailand",2007,1.77791124688235,62,34.8775,3973.01699148237
"697","Asia","Thailand",2008,1.85851318944844,62,33.36,4379.65852387961
"698","Asia","Thailand",2009,1.88760427337919,64.49,34.165,4213.00633872183
"699","Asia","Thailand",2010,2.13970851376089,70,32.72,5076.34017438708
"700","Asia","Thailand",2011,2.35294117647059,70,29.75,5492.12125590558
"701","Asia","Thailand",2012,2.52172185101468,80,31.725,5860.58250725599
"702","Asia","Thailand",2013,2.88480088051891,88,30.515,6168.26298501219
"703","Asia","Thailand",2014,3.01765943140459,97.5,32.3275,5951.88370233604
"704","Asia","Thailand",2015,3.10233047534166,103.5,33.34625,5840.04652294326
"705","Asia","Thailand",2016,3.24780882483809,115.5,35.5925,5994.23147547156
"706","Asia","Thailand",2017,3.42074021052807,119,34.80475,6592.91490169864
"707","Asia","Thailand",2018,3.65607438891885,119,32.56,7295.47561612095
"708","Asia","Thailand",2019,3.78903419391463,119,31.4175,7806.74221105532
"709","Asia","Thailand",2020,3.93829068793549,121.5,30.83125,7448.119
"710","Asia","Turkey",2002,3.02000755001888,4,1324500,3687.89027802495
"711","Asia","Turkey",2003,2.34301780693533,3.75,1600500,4760.14894922884
"712","Asia","Turkey",2004,2.58001306335728,3.95,1531000,6101.47160805958
"713","Asia","Turkey",2005,2.9218407596786,4,1.369,7456.3877151334
"714","Asia","Turkey",2006,2.8961665282709,4.15,1.439,8102.1214888943
"715","Asia","Turkey",2007,3.44335840865485,4.65,1.353925,9791.65157352724
"716","Asia","Turkey",2008,4.31775309159505,5.15,1.19275,10940.9912499593
"717","Asia","Turkey",2009,3.64504370826748,5.65,1.55005,9103.70987859135
"718","Asia","Turkey",2010,3.86117319720964,5.8,1.501925,10742.4300726761
"719","Asia","Turkey",2011,3.77281829526656,6.5,1.72285,11420.7732646112
"720","Asia","Turkey",2012,4.02930735309596,7.425,1.844925,11795.316711752
"721","Asia","Turkey",2013,4.55988469169207,8.475,1.8631,12614.4802575975
"722","Asia","Turkey",2014,4.09083804815562,8.875,2.1764,12157.3379609015
"723","Asia","Turkey",2015,3.91914924688541,9.75,2.489575,11006.2497363978
"724","Asia","Turkey",2016,3.46920407922495,10.5,3.026325,10895.3186924719
"725","Asia","Turkey",2017,2.87733115481954,10.75,3.7436,10591.4743712025
"726","Asia","Turkey",2018,2.55560482172364,10.75,4.254425,9455.59365384828
"727","Asia","Turkey",2019,2.22091430701628,12.37,5.5527,9126.56134585014
"728","Asia","Turkey",2020,2.12429850115034,13.49,6.369875,9405.321
"729","Europe","UK",2000,3.00200000192128,1.9,0.632911392,NA
"730","Europe","UK",2001,2.84570000122365,1.99,0.699300699,NA
"731","Europe","UK",2002,2.8855000017313,1.99,0.689655172,NA
"732","Europe","UK",2003,3.14420000201229,1.99,0.632911392,NA
"733","Europe","UK",2004,3.36519999925966,1.88,0.558659218,NA
"734","Europe","UK",2005,3.44040000271792,1.88,0.546448087,NA
"735","Europe","UK",2006,3.48205400010774,1.91,0.5493636535,NA
"736","Europe","UK",2007,3.92044725154797,1.965,0.5013225465,NA
"737","Europe","UK",2008,4.57049650263512,2.29,0.501039657,NA
"738","Europe","UK",2009,3.68827400060635,2.29,0.620886626,NA
"739","Europe","UK",2010,3.57743799998199,2.29,0.6405641255,NA
"740","Europe","UK",2011,3.89163699974627,2.39,0.614137444,36119.846
"741","Europe","UK",2012,3.99288325103602,2.59,0.64875993,36119.846
"742","Europe","UK",2013,4.13412649869623,2.69,0.651177231,38811.424
"743","Europe","UK",2014,4.77596724803605,2.84,0.594897302,38905.316
"744","Europe","UK",2015,4.44034050017305,2.89,0.65102266,42512.5315
"745","Europe","UK",2016,4.08103925045555,2.94,0.7216867345,44749.9775
"746","Europe","UK",2017,3.91991275180642,3.14,0.8023302745,43770.688
"747","Europe","UK",2018,4.32229049937776,3.19,0.738360140348662,39892.1855
"748","Europe","UK",2019,4.087153,3.24,0.792694977456476,39887.827
"749","Europe","UK",2020,4.3437765,3.39,0.780609539630673,42579.817
"750","Europe","Ukraine",2004,1.35984244584076,7.25,5.3315,1366.01647647823
"751","Europe","Ukraine",2005,1.43280632411067,7.25,5.06,1826.93139114817
"752","Europe","Ukraine",2006,1.68316831683168,8.5,5.05,2300.76970925872
"753","Europe","Ukraine",2007,1.81102943710582,9.125,5.03875,3065.61129390842
"754","Europe","Ukraine",2008,2.39130434782609,11,4.6,3887.24233680525
"755","Europe","Ukraine",2009,1.82767624020888,14,7.66,2542.99542417522
"756","Europe","Ukraine",2010,1.83167582107924,14.25,7.7795,2965.13971520617
"757","Europe","Ukraine",2011,2.06404803602702,16.5,7.994,3569.75812083898
"758","Europe","Ukraine",2012,1.98473460743659,16,8.063,3855.41772856732
"759","Europe","Ukraine",2013,2.33143243806457,19,8.1495,4029.71125162545
"760","Europe","Ukraine",2014,1.94679497815386,19,10.032,3104.64320609541
"761","Europe","Ukraine",2015,1.37491725284335,26.5,18.886,2124.6623187838
"762","Europe","Ukraine",2016,1.55716826690613,37.5,24.075,2187.73050991433
"763","Europe","Ukraine",2017,1.61999583377625,43,26.575,2640.67567655839
"764","Europe","Ukraine",2018,1.77262249676007,48.5,27.457,3096.81740221352
"765","Europe","Ukraine",2019,2.08244243867992,55.5,26.72375,3659.03131229487
"766","Europe","Ukraine",2020,2.2753521671012,58,25.56,NA
"767","Asia","United Arab Emirates",2005,2.45064669843431,9,3.6725,39365.4339019123
"768","Asia","United Arab Emirates",2006,2.45057997059304,9,3.6726,41907.405655968
"769","Asia","United Arab Emirates",2007,2.72277396526655,10,3.672725,41809.516382842
"770","Asia","United Arab Emirates",2008,2.72268129654083,10,3.67285,44498.9342301633
"771","Asia","United Arab Emirates",2009,2.72257010618023,10,3.673,32024.1816031187
"772","Asia","United Arab Emirates",2010,2.99488827149659,11,3.672925,33893.303514039
"773","Asia","United Arab Emirates",2011,3.2670396536938,12,3.67305,39194.6766208456
"774","Asia","United Arab Emirates",2012,3.26710636488294,12,3.672975,40976.4997112455
"775","Asia","United Arab Emirates",2013,3.26706189055504,12,3.673025,42412.6302780364
"776","Asia","United Arab Emirates",2014,3.40318854279228,12.5,3.673025,43751.8388860721
"777","Asia","United Arab Emirates",2015,3.53934113869018,13,3.673,38663.3838066363
"778","Asia","United Arab Emirates",2016,3.53924477961395,13,3.6731,38141.8467585492
"779","Asia","United Arab Emirates",2017,3.67546964334332,13.5,3.673,40644.804043392
"780","Asia","United Arab Emirates",2018,3.81152032175684,14,3.673075,43839.3563491413
"781","Asia","United Arab Emirates",2019,3.91353470454515,14.375,3.67315,43103.3230583165
"782","Asia","United Arab Emirates",2020,4.01573624397516,14.75,3.67305,NA
"783","Americas","Uruguay",2004,1.00218597612241,29.8,29.735,4120.5566108595
"784","Americas","Uruguay",2005,1.82383419689119,44,24.125,5226.93780602568
"785","Americas","Uruguay",2006,1.76718913270637,42.28,23.925,5887.84870298482
"786","Americas","Uruguay",2007,2.44405882254112,58.5,23.935,7026.51149089808
"787","Americas","Uruguay",2008,3.18537859007833,61,19.15,9091.07903890419
"788","Americas","Uruguay",2009,2.63271471730686,61,23.17,9451.93244915707
"789","Americas","Uruguay",2010,3.53366933463152,78,22.135,11992.0166266335
"790","Americas","Uruguay",2011,4.87804878048781,90,18.45,14236.6811883717
"791","Americas","Uruguay",2012,4.57699916425995,94.5,20.66,15171.5846627498
"792","Americas","Uruguay",2013,5.21295079095973,105,20.1825,16973.6742131099
"793","Americas","Uruguay",2014,4.91529603220209,109,22.175,16831.9729445436
"794","Americas","Uruguay",2015,4.37939494457735,113,25.885,15613.7642726566
"795","Americas","Uruguay",2016,3.91057729777923,118,30.175,15387.14403013
"796","Americas","Uruguay",2017,4.44021891304799,127.5,28.715,17322.1473894404
"797","Americas","Uruguay",2018,4.68497266214579,140,29.945,17277.9701105496
"798","Americas","Uruguay",2019,4.48474933904155,152,33.83975,16190.126957465
"799","Americas","Uruguay",2020,4.5545199544121,184,40.555,NA
"800","Americas","US",2000,2.51,2.51,1,NA
"801","Americas","US",2001,2.54,2.54,1,NA
"802","Americas","US",2002,2.49,2.49,1,NA
"803","Americas","US",2003,2.71,2.71,1,NA
"804","Americas","US",2004,2.9,2.9,1,NA
"805","Americas","US",2005,3.06,3.06,1,NA
"806","Americas","US",2006,3.125,3.125,1,NA
"807","Americas","US",2007,3.315,3.315,1,NA
"808","Americas","US",2008,3.57,3.57,1,NA
"809","Americas","US",2009,3.57,3.57,1,NA
"810","Americas","US",2010,3.6566666665,3.6566666665,1,NA
"811","Americas","US",2011,4.065,4.065,1,47283.633
"812","Americas","US",2012,4.26236,4.26236,1,47283.633
"813","Americas","US",2013,4.46203125,4.46203125,1,48327.861
"814","Americas","US",2014,4.7095833335,4.7095833335,1,50018.4215
"815","Americas","US",2015,4.79,4.79,1,53798.8125
"816","Americas","US",2016,4.985,4.985,1,55087.515
"817","Americas","US",2017,5.18,5.18,1,55805.204
"818","Americas","US",2018,5.395,5.395,1,58554.3635
"819","Americas","US",2019,5.66,5.66,1,59843.5065
"820","Americas","US",2020,5.69,5.69,1,62868.917
